Requisition_ID,Department,Location,Position,Status,Applicants,Days_Open
1,Training,Michigan,Senior Product Manager,Filled,79,98
2,Quality,Arkansas,Finance Specialist,Open,27,80
3,Quality,Maine,UX Designer,Filled,124,100
4,Legal,South Carolina,Marketing Coordinator,Open,108,53
5,Marketing,Iowa,UX Designer,Cancelled,196,70
6,Finance,Louisiana,Business Analyst II,Open,97,44
7,Sales,Hawaii,Software Engineer I,Filled,102,60
8,Product Management,Indiana,Accountant II,Filled,169,109
9,Sales,West Virginia,HR Specialist,Filled,192,65
10,Product Management,Louisiana,Legal Associate,Filled,32,46
11,Training,South Carolina,Marketing Specialist,Open,18,52
12,Engineering,Iowa,Operations Manager,Open,88,67
13,Product Management,South Carolina,Data Scientist,Cancelled,52,100
14,Support,West Virginia,Marketing Coordinator,Filled,34,51
15,Marketing,Florida,Accountant II,Open,112,76
16,Business Development,Georgia,Marketing Specialist,Open,157,118
17,Business Development,Georgia,Engineering Manager,Open,62,114
18,Engineering,Arkansas,Marketing Coordinator,Filled,141,63
19,Quality,Georgia,Business Analyst I,Filled,189,110
20,Business Development,Arkansas,Finance Specialist,Open,80,51
21,Training,South Carolina,Legal Advisor,Filled,52,77
22,Product Management,Kansas,Business Analyst I,Cancelled,93,12
23,Human Resources,Washington,UI Developer,Open,18,65
24,Finance,Iowa,Engineering Manager,Open,78,111
25,Quality,Michigan,Data Analyst,Open,127,58
26,Engineering,Illinois,DevOps Engineer,Cancelled,10,53
27,Finance,Florida,Marketing Specialist,Cancelled,126,103
28,Finance,Iowa,Data Scientist,Filled,138,32
29,Human Resources,Arkansas,Customer Success Manager,Filled,181,36
30,Product Management,Oregon,UX Designer,Cancelled,59,23
31,Training,Maryland,HR Specialist,Open,66,113
32,Product Management,Georgia,Legal Advisor,Open,40,24
33,Human Resources,California,UI Developer,Filled,160,110
34,Human Resources,Oregon,Marketing Specialist,Filled,95,99
35,Human Resources,Illinois,Software Engineer I,Open,79,80
36,Quality,Alabama,Marketing Specialist,Open,28,28
37,Training,Illinois,Customer Success Manager,Open,108,112
38,Training,Rhode Island,Marketing Specialist,Open,192,73
39,Engineering,Kansas,Support Specialist,Filled,155,57
40,Sales,Virginia,Sales Associate,Open,102,78
41,Training,Kentucky,Training Coordinator,Open,134,20
42,Product Management,Oregon,Data Scientist,Cancelled,184,113
43,Engineering,Indiana,Technical Lead,Cancelled,75,6
44,Quality,Arkansas,Software Engineer I,Open,196,13
45,Quality,Pennsylvania,Software Engineer I,Filled,156,92
46,Product Management,Georgia,Technical Lead,Filled,99,71
47,Legal,West Virginia,Support Specialist,Open,79,113
48,Finance,Kentucky,Accountant II,Filled,158,96
49,Human Resources,Maryland,Support Specialist,Filled,72,79
50,Human Resources,Washington,UI Developer,Open,77,8
51,Quality,Oregon,Training Coordinator,Open,52,44
52,Human Resources,Arkansas,Legal Advisor,Filled,65,47
53,Legal,Idaho,Data Analyst,Cancelled,192,83
54,Support,Michigan,Marketing Coordinator,Open,112,62
55,Human Resources,Hawaii,Marketing Coordinator,Open,69,114
56,Support,Maine,UI Developer,Open,182,92
57,Legal,Wyoming,Operations Manager,Open,145,61
58,Marketing,Hawaii,UX Designer,Open,134,110
59,Marketing,Louisiana,Senior Product Manager,Open,169,78
60,Support,Arkansas,Legal Advisor,Filled,154,69
61,Sales,Washington,HR Manager,Filled,31,32
62,Finance,Arkansas,HR Manager,Open,26,27
63,Sales,Maryland,Accountant II,Filled,69,72
64,Sales,Massachusetts,HR Manager,Open,81,28
65,Product Management,Arkansas,Accountant II,Filled,15,22
66,Business Development,Louisiana,Accountant II,Open,173,8
67,Quality,Arizona,UX Designer,Open,52,32
68,Quality,Iowa,Accountant II,Open,132,84
69,Legal,Arizona,Marketing Specialist,Open,36,107
70,Marketing,Florida,Business Analyst I,Cancelled,157,30
71,Quality,Louisiana,Marketing Specialist,Filled,140,84
72,Sales,Virginia,Operations Manager,Open,159,67
73,Product Management,Hawaii,Software Engineer I,Cancelled,26,111
74,Sales,West Virginia,Data Analyst,Open,174,108
75,Marketing,Hawaii,Marketing Specialist,Filled,89,45
76,Sales,Idaho,Engineering Manager,Filled,102,54
77,Business Development,Indiana,Technical Lead,Filled,60,81
78,Business Development,Rhode Island,Senior Product Manager,Open,93,60
79,Product Management,Wisconsin,Product Manager,Filled,192,40
80,Training,Wyoming,HR Manager,Open,127,46
81,Finance,South Carolina,Training Coordinator,Open,167,82
82,Product Management,Michigan,Product Manager,Open,105,15
83,Engineering,South Carolina,HR Specialist,Filled,192,19
84,Legal,Arizona,Support Specialist,Filled,102,42
85,Sales,Oregon,Data Analyst,Filled,150,50
86,Training,Iowa,HR Manager,Filled,176,11
87,Engineering,Georgia,Customer Success Manager,Open,149,60
88,Training,Georgia,Marketing Specialist,Filled,61,62
89,Marketing,Arkansas,DevOps Engineer,Filled,176,40
90,Training,Hawaii,Senior Product Manager,Open,31,66
91,Human Resources,Alabama,Legal Associate,Open,32,83
92,Support,Massachusetts,Technical Lead,Filled,16,100
93,Product Management,Alabama,HR Manager,Filled,152,35
94,Quality,Arizona,HR Manager,Filled,24,55
95,Training,Georgia,Legal Associate,Open,164,112
96,Quality,Iowa,Product Manager,Open,61,34
97,Training,Louisiana,Software Engineer II,Open,83,56
98,Quality,Kansas,Senior Engineer,Open,132,41
99,Product Management,Pennsylvania,Marketing Specialist,Filled,172,29
100,Human Resources,Wisconsin,Business Analyst II,Open,112,93
101,Marketing,South Carolina,Operations Manager,Filled,20,106
102,Marketing,Maine,Marketing Specialist,Open,28,113
103,Quality,Washington,UI Developer,Filled,159,65
104,Quality,Idaho,Product Manager,Filled,28,14
105,Business Development,Virginia,Software Engineer I,Open,155,56
106,Engineering,Virginia,HR Manager,Open,130,45
107,Finance,Hawaii,Operations Manager,Cancelled,78,15
108,Engineering,Arkansas,Training Coordinator,Open,128,26
109,Product Management,Wyoming,Finance Specialist,Open,158,44
110,Quality,Louisiana,Product Manager,Filled,27,114
111,Product Management,Michigan,Data Analyst,Filled,127,87
112,Training,South Carolina,Software Engineer I,Open,175,106
113,Sales,Maryland,Support Specialist,Filled,41,117
114,Sales,Idaho,Accountant I,Open,168,83
115,Support,Louisiana,Senior Engineer,Cancelled,90,39
116,Product Management,Massachusetts,Training Coordinator,Open,92,15
117,Legal,Maryland,Customer Success Manager,Open,45,99
118,Quality,Illinois,Legal Associate,Open,184,9
119,Product Management,Iowa,Business Analyst II,Filled,196,54
120,Quality,Arizona,Data Analyst,Open,135,102
121,Training,Maine,Software Engineer II,Cancelled,146,65
122,Support,Louisiana,UI Developer,Open,132,10
123,Quality,California,Technical Lead,Filled,75,70
124,Support,West Virginia,Finance Specialist,Filled,42,89
125,Training,Wisconsin,Training Coordinator,Open,55,40
126,Support,Rhode Island,HR Specialist,Filled,120,27
127,Training,Iowa,DevOps Engineer,Open,41,80
128,Marketing,Arkansas,Business Analyst II,Filled,191,69
129,Finance,Idaho,Training Coordinator,Filled,54,89
130,Support,California,Data Scientist,Open,106,119
131,Support,Georgia,Legal Advisor,Open,25,11
132,Engineering,Louisiana,Product Manager,Open,61,41
133,Support,Pennsylvania,Legal Advisor,Filled,52,31
134,Engineering,Oregon,Support Specialist,Filled,142,37
135,Support,Kansas,Customer Success Manager,Open,110,49
136,Sales,Maine,Business Analyst II,Open,80,10
137,Sales,Indiana,HR Manager,Open,51,86
138,Support,Idaho,Support Specialist,Open,129,16
139,Legal,Louisiana,Software Engineer II,Open,29,51
140,Product Management,Rhode Island,Technical Lead,Filled,49,11
141,Support,Illinois,HR Manager,Open,72,39
142,Human Resources,Wisconsin,Sales Associate,Open,58,102
143,Engineering,Maryland,Marketing Coordinator,Filled,37,105
144,Quality,Hawaii,Operations Manager,Filled,112,12
145,Support,Michigan,Quality Analyst,Filled,109,105
146,Human Resources,Kansas,Sales Associate,Filled,148,6
147,Quality,Kansas,Marketing Specialist,Filled,57,32
148,Human Resources,Idaho,Engineering Manager,Cancelled,116,76
149,Finance,Oregon,Accountant I,Filled,138,116
150,Finance,Illinois,Accountant I,Open,179,60
151,Business Development,South Carolina,Data Analyst,Open,119,5
152,Sales,Arizona,Support Specialist,Cancelled,120,40
153,Support,Indiana,Senior Product Manager,Open,55,14
154,Business Development,Pennsylvania,Senior Engineer,Open,34,47
155,Quality,Washington,Marketing Specialist,Open,189,63
156,Engineering,Georgia,Operations Manager,Open,70,42
157,Training,Iowa,Marketing Coordinator,Open,163,108
158,Finance,Kansas,Accountant II,Open,109,64
159,Support,Louisiana,Product Manager,Open,159,20
160,Support,Maine,Technical Lead,Filled,17,102
161,Quality,Wisconsin,Data Scientist,Open,141,31
162,Marketing,Idaho,DevOps Engineer,Filled,149,10
163,Support,Hawaii,UX Designer,Open,21,110
164,Marketing,Michigan,Accountant I,Open,16,113
165,Sales,Wisconsin,Training Coordinator,Filled,59,104
166,Training,Idaho,Software Engineer II,Cancelled,104,115
167,Support,Rhode Island,Data Analyst,Open,135,34
168,Marketing,Arkansas,Support Specialist,Open,114,102
169,Sales,Florida,Data Analyst,Open,136,8
170,Engineering,Arkansas,Software Engineer II,Open,196,119
171,Legal,Rhode Island,Accountant I,Filled,184,114
172,Training,Michigan,HR Manager,Filled,102,112
173,Quality,Florida,DevOps Engineer,Open,27,70
174,Quality,Michigan,Quality Analyst,Filled,59,49
175,Training,Alabama,Data Analyst,Open,74,13
176,Sales,Iowa,Quality Analyst,Open,138,56
177,Support,Hawaii,UX Designer,Open,189,105
178,Finance,Florida,Data Scientist,Filled,97,117
179,Engineering,Arkansas,Senior Engineer,Open,41,28
180,Finance,Oregon,Software Engineer II,Filled,79,105
181,Engineering,West Virginia,UI Developer,Open,63,60
182,Legal,Louisiana,Technical Lead,Open,97,103
183,Quality,Rhode Island,Business Analyst I,Open,75,87
184,Support,Washington,DevOps Engineer,Filled,163,99
185,Quality,Wyoming,Sales Associate,Open,36,15
186,Human Resources,Wyoming,Marketing Specialist,Filled,63,94
187,Support,Alabama,Support Specialist,Open,32,9
188,Legal,Illinois,Sales Associate,Filled,141,23
189,Finance,Pennsylvania,Data Scientist,Open,107,49
190,Business Development,Michigan,Finance Specialist,Open,158,49
191,Engineering,Kentucky,Senior Engineer,Open,198,8
192,Finance,California,Marketing Coordinator,Filled,46,33
193,Training,Alabama,Marketing Coordinator,Open,119,56
194,Quality,Kentucky,Finance Specialist,Open,33,91
195,Human Resources,Massachusetts,Business Analyst I,Filled,111,9
196,Product Management,Maryland,Finance Specialist,Open,89,74
197,Human Resources,West Virginia,Technical Lead,Filled,135,51
198,Finance,Arizona,Accountant II,Filled,115,81
199,Finance,Pennsylvania,Accountant II,Filled,100,99
200,Finance,Georgia,Senior Product Manager,Open,187,116
201,Human Resources,Kentucky,Business Analyst II,Filled,136,27
202,Human Resources,Indiana,Data Analyst,Open,60,89
203,Training,Maryland,Data Analyst,Open,149,22
204,Engineering,Iowa,Engineering Manager,Cancelled,31,95
205,Marketing,Oregon,Data Scientist,Filled,126,48
206,Human Resources,Alabama,Legal Advisor,Filled,130,19
207,Engineering,Virginia,UI Developer,Filled,158,102
208,Marketing,South Carolina,Customer Success Manager,Open,174,66
209,Product Management,Virginia,Accountant II,Filled,165,37
210,Sales,Idaho,HR Specialist,Filled,157,13
211,Marketing,Maine,Marketing Coordinator,Filled,89,75
212,Business Development,Pennsylvania,Finance Specialist,Open,63,87
213,Human Resources,Massachusetts,Technical Lead,Open,191,5
214,Marketing,Florida,Data Scientist,Open,86,8
215,Legal,Georgia,UX Designer,Filled,126,69
216,Quality,Virginia,Technical Lead,Open,153,21
217,Product Management,Kentucky,DevOps Engineer,Open,86,39
218,Marketing,Virginia,Senior Product Manager,Open,167,65
219,Human Resources,Wyoming,Data Scientist,Open,183,113
220,Engineering,Wisconsin,Accountant I,Open,197,31
221,Sales,Illinois,Business Analyst I,Open,107,49
222,Human Resources,California,Senior Engineer,Open,163,74
223,Marketing,Kentucky,Support Specialist,Open,77,63
224,Finance,Virginia,Operations Manager,Open,94,77
225,Marketing,Kentucky,Finance Specialist,Open,149,78
226,Quality,Maryland,Data Scientist,Open,30,10
227,Legal,Indiana,Quality Analyst,Open,47,17
228,Product Management,Illinois,Accountant II,Cancelled,124,79
229,Support,Maryland,Product Manager,Open,40,29
230,Business Development,South Carolina,Software Engineer I,Filled,163,105
231,Product Management,Illinois,Sales Associate,Open,52,41
232,Sales,Pennsylvania,UI Developer,Open,102,90
233,Marketing,Wyoming,Sales Associate,Filled,190,74
234,Quality,Wyoming,Data Analyst,Filled,47,45
235,Human Resources,Indiana,Customer Success Manager,Open,50,48
236,Engineering,Illinois,Operations Manager,Open,22,69
237,Sales,Michigan,UI Developer,Cancelled,22,108
238,Legal,Louisiana,Data Analyst,Open,157,68
239,Finance,Illinois,Sales Associate,Open,31,82
240,Finance,West Virginia,Technical Lead,Open,169,110
241,Sales,Hawaii,Legal Advisor,Open,31,18
242,Sales,Maryland,HR Specialist,Filled,60,34
243,Marketing,Massachusetts,Marketing Specialist,Open,176,40
244,Finance,Indiana,Legal Associate,Filled,135,88
245,Human Resources,Maryland,UX Designer,Open,51,114
246,Quality,West Virginia,Support Specialist,Open,169,27
247,Human Resources,Maryland,Support Specialist,Open,77,86
248,Support,Wisconsin,UX Designer,Open,27,80
249,Marketing,Washington,Legal Advisor,Open,103,26
250,Sales,Louisiana,Business Analyst II,Filled,171,17
251,Quality,Kentucky,Finance Specialist,Open,187,44
252,Marketing,Oregon,Technical Lead,Open,154,83
253,Sales,Wisconsin,HR Specialist,Open,16,111
254,Human Resources,Rhode Island,UX Designer,Open,139,82
255,Support,Maine,Data Scientist,Filled,186,94
256,Finance,Pennsylvania,Marketing Coordinator,Open,147,46
257,Legal,Louisiana,Customer Success Manager,Filled,35,75
258,Marketing,Rhode Island,Accountant I,Filled,65,47
259,Support,California,Quality Analyst,Filled,19,92
260,Engineering,Wyoming,Legal Associate,Filled,32,12
261,Finance,Virginia,DevOps Engineer,Open,90,106
262,Legal,Rhode Island,Product Manager,Open,164,48
263,Marketing,Rhode Island,Senior Engineer,Open,34,51
264,Marketing,Oregon,Engineering Manager,Open,177,35
265,Support,Michigan,Marketing Specialist,Filled,83,113
266,Legal,Georgia,HR Specialist,Cancelled,85,112
267,Human Resources,Wisconsin,Marketing Coordinator,Open,108,46
268,Business Development,Arkansas,Marketing Specialist,Filled,171,35
269,Legal,Wyoming,Sales Associate,Filled,115,81
270,Business Development,California,Finance Specialist,Open,188,116
271,Business Development,Illinois,UX Designer,Filled,139,25
272,Product Management,Louisiana,Data Scientist,Filled,55,101
273,Marketing,Idaho,Senior Product Manager,Open,117,17
274,Engineering,South Carolina,Customer Success Manager,Open,40,36
275,Support,Maryland,Software Engineer II,Cancelled,54,21
276,Business Development,Massachusetts,Business Analyst I,Open,119,26
277,Legal,Maryland,Legal Advisor,Filled,61,111
278,Finance,Wyoming,Accountant II,Filled,189,43
279,Quality,Florida,Marketing Coordinator,Filled,199,19
280,Human Resources,Oregon,Accountant I,Open,167,60
281,Sales,Louisiana,Senior Engineer,Filled,139,63
282,Marketing,Virginia,Business Analyst II,Filled,104,77
283,Training,Maine,Engineering Manager,Filled,169,32
284,Finance,West Virginia,Senior Engineer,Open,96,19
285,Support,Alabama,Customer Success Manager,Cancelled,190,51
286,Business Development,Pennsylvania,DevOps Engineer,Filled,193,17
287,Human Resources,Idaho,HR Manager,Filled,93,63
288,Quality,Alabama,Product Manager,Open,119,46
289,Training,Wisconsin,Senior Engineer,Filled,97,62
290,Training,Michigan,UX Designer,Open,28,60
291,Finance,Virginia,Software Engineer II,Open,40,65
292,Engineering,Arkansas,Legal Advisor,Open,64,75
293,Product Management,Virginia,UX Designer,Open,13,89
294,Quality,Kansas,Marketing Coordinator,Open,117,82
295,Training,Indiana,UX Designer,Filled,85,106
296,Finance,Arkansas,Accountant II,Filled,146,55
297,Business Development,Massachusetts,DevOps Engineer,Open,171,93
298,Quality,Massachusetts,Operations Manager,Open,39,19
299,Sales,Iowa,Software Engineer II,Open,44,88
300,Finance,Arizona,Software Engineer I,Filled,196,49
301,Product Management,West Virginia,Training Coordinator,Filled,68,118
302,Marketing,Wisconsin,Business Analyst I,Open,130,34
303,Sales,Illinois,HR Manager,Filled,94,73
304,Training,Alabama,UI Developer,Open,137,94
305,Quality,California,Senior Product Manager,Open,147,46
306,Human Resources,Alabama,Senior Engineer,Filled,82,93
307,Product Management,South Carolina,Senior Product Manager,Open,34,27
308,Finance,Idaho,Marketing Specialist,Open,37,58
309,Marketing,Kansas,Technical Lead,Filled,11,69
310,Business Development,Arizona,UI Developer,Filled,38,41
311,Marketing,Virginia,Business Analyst I,Filled,42,73
312,Legal,Virginia,Marketing Coordinator,Open,53,70
313,Support,Virginia,Accountant I,Open,127,37
314,Support,Massachusetts,Accountant II,Open,196,47
315,Engineering,Iowa,HR Manager,Open,160,52
316,Business Development,Kentucky,Marketing Specialist,Filled,39,76
317,Marketing,Rhode Island,Quality Analyst,Open,174,63
318,Sales,Rhode Island,Marketing Specialist,Open,157,84
319,Sales,Georgia,Data Scientist,Open,44,111
320,Sales,Iowa,UX Designer,Open,129,94
321,Training,South Carolina,Engineering Manager,Filled,116,15
322,Human Resources,Idaho,Data Scientist,Open,81,38
323,Business Development,Iowa,Senior Product Manager,Filled,60,116
324,Engineering,Iowa,Accountant I,Open,155,91
325,Engineering,Washington,Senior Engineer,Cancelled,11,6
326,Training,Wisconsin,Product Manager,Filled,177,60
327,Legal,Illinois,Senior Product Manager,Filled,102,102
328,Product Management,Hawaii,UI Developer,Filled,84,26
329,Engineering,Florida,Senior Engineer,Open,44,37
330,Engineering,Alabama,Business Analyst II,Open,76,29
331,Finance,Michigan,Training Coordinator,Filled,35,27
332,Training,Pennsylvania,Marketing Coordinator,Open,110,89
333,Business Development,Illinois,Product Manager,Filled,67,48
334,Legal,Illinois,Support Specialist,Open,153,114
335,Product Management,Indiana,Accountant II,Filled,61,64
336,Support,Oregon,Legal Advisor,Filled,128,10
337,Engineering,West Virginia,Senior Engineer,Open,143,58
338,Support,Idaho,HR Specialist,Open,119,74
339,Training,Kentucky,Finance Specialist,Open,167,23
340,Support,Rhode Island,Business Analyst I,Filled,119,44
341,Product Management,Pennsylvania,Legal Advisor,Filled,63,107
342,Legal,Michigan,Software Engineer II,Filled,140,16
343,Marketing,Idaho,Marketing Coordinator,Open,44,69
344,Business Development,Kentucky,Training Coordinator,Open,31,22
345,Business Development,Oregon,UX Designer,Open,149,6
346,Business Development,Massachusetts,Product Manager,Filled,161,58
347,Marketing,West Virginia,Accountant I,Filled,152,100
348,Quality,Louisiana,Engineering Manager,Filled,84,27
349,Legal,Louisiana,Sales Associate,Open,21,24
350,Finance,California,Training Coordinator,Open,170,57
351,Training,Arizona,Sales Associate,Filled,173,25
352,Business Development,Kentucky,Customer Success Manager,Filled,119,85
353,Marketing,South Carolina,HR Specialist,Filled,150,41
354,Product Management,Louisiana,Legal Advisor,Open,109,32
355,Quality,Louisiana,Training Coordinator,Filled,141,44
356,Product Management,Florida,Marketing Specialist,Filled,89,14
357,Sales,Maine,Accountant I,Open,170,84
358,Sales,Pennsylvania,Operations Manager,Filled,78,10
359,Quality,Florida,Legal Advisor,Filled,34,68
360,Human Resources,South Carolina,UX Designer,Open,191,63
361,Marketing,South Carolina,Quality Analyst,Filled,125,71
362,Training,Wisconsin,Technical Lead,Filled,13,103
363,Legal,Wyoming,DevOps Engineer,Filled,162,83
364,Product Management,South Carolina,Accountant II,Filled,118,84
365,Legal,Washington,Marketing Coordinator,Open,140,22
366,Quality,Illinois,Senior Product Manager,Filled,47,66
367,Support,Georgia,Training Coordinator,Filled,63,35
368,Engineering,Massachusetts,Finance Specialist,Filled,153,101
369,Finance,Iowa,Operations Manager,Cancelled,134,80
370,Business Development,Virginia,Software Engineer II,Filled,28,32
371,Support,Rhode Island,Marketing Coordinator,Open,113,52
372,Support,Maine,Quality Analyst,Open,11,96
373,Training,Georgia,Product Manager,Open,14,72
374,Quality,Georgia,Technical Lead,Filled,151,68
375,Legal,South Carolina,Marketing Coordinator,Open,116,8
376,Human Resources,Virginia,HR Manager,Filled,113,14
377,Product Management,Arizona,UX Designer,Open,154,99
378,Product Management,Louisiana,Business Analyst I,Open,24,10
379,Finance,Kansas,Accountant I,Open,169,87
380,Training,California,Technical Lead,Open,42,32
381,Marketing,Oregon,Software Engineer I,Filled,11,57
382,Quality,Pennsylvania,Support Specialist,Filled,188,73
383,Sales,Kansas,Legal Advisor,Cancelled,27,32
384,Legal,Michigan,Senior Engineer,Open,104,21
385,Quality,Wisconsin,Training Coordinator,Filled,16,52
386,Sales,Alabama,Legal Advisor,Open,14,86
387,Finance,Oregon,Technical Lead,Open,107,75
388,Engineering,Oregon,Marketing Coordinator,Open,166,68
389,Support,Michigan,HR Specialist,Cancelled,39,115
390,Legal,Iowa,Operations Manager,Cancelled,165,26
391,Marketing,Maine,Marketing Specialist,Open,125,34
392,Finance,Arkansas,Data Scientist,Open,87,68
393,Finance,Kentucky,Accountant II,Filled,110,19
394,Human Resources,California,Marketing Coordinator,Open,145,43
395,Marketing,Maryland,Technical Lead,Filled,65,58
396,Human Resources,Alabama,Software Engineer II,Filled,61,109
397,Quality,Iowa,Support Specialist,Filled,113,108
398,Engineering,Michigan,Business Analyst I,Cancelled,112,10
399,Quality,Washington,Senior Product Manager,Filled,107,41
400,Business Development,California,Marketing Specialist,Open,48,78
401,Engineering,Arkansas,UI Developer,Filled,38,8
402,Engineering,Arkansas,Marketing Specialist,Filled,181,13
403,Engineering,Louisiana,Software Engineer II,Open,152,55
404,Product Management,Kentucky,Engineering Manager,Filled,110,52
405,Human Resources,Rhode Island,Accountant I,Filled,105,46
406,Finance,Iowa,UX Designer,Open,84,67
407,Business Development,Maryland,Data Analyst,Cancelled,23,79
408,Support,Kentucky,Support Specialist,Cancelled,190,106
409,Sales,Louisiana,Product Manager,Filled,45,47
410,Training,Idaho,Senior Engineer,Filled,58,60
411,Business Development,Idaho,Senior Engineer,Filled,47,112
412,Human Resources,Wisconsin,Finance Specialist,Open,78,61
413,Marketing,Maine,Accountant II,Filled,61,55
414,Marketing,Wyoming,Marketing Coordinator,Cancelled,138,115
415,Engineering,Maryland,UX Designer,Open,171,59
416,Human Resources,Kentucky,Support Specialist,Open,87,37
417,Product Management,Kentucky,Operations Manager,Filled,115,67
418,Finance,Pennsylvania,Data Scientist,Cancelled,77,85
419,Human Resources,Idaho,Legal Advisor,Filled,183,87
420,Legal,Idaho,Technical Lead,Filled,146,8
421,Marketing,Hawaii,Software Engineer II,Open,113,77
422,Finance,Idaho,Sales Associate,Open,125,12
423,Legal,Pennsylvania,HR Manager,Open,161,82
424,Business Development,Oregon,Quality Analyst,Filled,29,78
425,Finance,Kentucky,Marketing Specialist,Filled,37,104
426,Finance,Kentucky,Technical Lead,Filled,68,113
427,Human Resources,Kentucky,Customer Success Manager,Open,109,77
428,Training,West Virginia,Business Analyst I,Filled,136,30
429,Quality,Idaho,Software Engineer II,Filled,113,77
430,Sales,Washington,Legal Associate,Filled,72,65
431,Support,Maryland,Operations Manager,Open,36,54
432,Marketing,Hawaii,Sales Associate,Filled,106,12
433,Legal,Maryland,Technical Lead,Open,88,75
434,Product Management,Maine,UI Developer,Open,126,73
435,Training,West Virginia,Data Analyst,Filled,152,109
436,Human Resources,Florida,Senior Engineer,Open,49,62
437,Sales,Oregon,Quality Analyst,Filled,187,62
438,Human Resources,Kentucky,Operations Manager,Open,53,108
439,Sales,Illinois,Legal Associate,Open,72,10
440,Business Development,Florida,Software Engineer I,Open,44,49
441,Business Development,Kentucky,HR Manager,Open,21,66
442,Finance,Idaho,Product Manager,Open,100,59
443,Legal,Arkansas,Business Analyst II,Filled,187,18
444,Product Management,Pennsylvania,UI Developer,Open,192,109
445,Marketing,Rhode Island,Operations Manager,Open,109,35
446,Product Management,Virginia,Accountant I,Open,190,49
447,Business Development,Kentucky,DevOps Engineer,Open,79,115
448,Finance,Georgia,HR Manager,Open,93,103
449,Engineering,Iowa,Legal Associate,Open,168,67
450,Support,Indiana,Data Scientist,Filled,79,63
451,Quality,Florida,Sales Associate,Open,114,81
452,Business Development,Idaho,Finance Specialist,Filled,102,5
453,Human Resources,Hawaii,Senior Engineer,Cancelled,119,59
454,Engineering,Louisiana,Marketing Coordinator,Open,104,31
455,Support,Maryland,Legal Associate,Filled,157,42
456,Sales,Virginia,Senior Product Manager,Open,16,22
457,Marketing,Pennsylvania,Software Engineer I,Cancelled,165,6
458,Marketing,South Carolina,Accountant I,Filled,167,17
459,Legal,Michigan,Accountant I,Filled,111,91
460,Legal,Maryland,Legal Advisor,Open,125,67
461,Training,Florida,Data Analyst,Cancelled,76,48
462,Business Development,California,Business Analyst II,Open,132,53
463,Sales,Idaho,Quality Analyst,Filled,187,111
464,Support,Arkansas,Quality Analyst,Filled,161,111
465,Engineering,Iowa,Finance Specialist,Cancelled,149,110
466,Human Resources,West Virginia,Training Coordinator,Open,112,79
467,Legal,Iowa,Accountant I,Filled,113,23
468,Support,Louisiana,Business Analyst I,Filled,126,6
469,Engineering,Massachusetts,HR Specialist,Filled,133,12
470,Product Management,Maryland,UX Designer,Open,132,33
471,Product Management,West Virginia,Engineering Manager,Cancelled,106,42
472,Legal,Kentucky,Accountant II,Open,198,116
473,Support,Georgia,Technical Lead,Open,60,58
474,Legal,Louisiana,Finance Specialist,Open,103,49
475,Marketing,Idaho,UX Designer,Filled,54,97
476,Human Resources,Virginia,Quality Analyst,Open,96,15
477,Product Management,Washington,Quality Analyst,Open,38,7
478,Sales,Alabama,Business Analyst II,Filled,113,100
479,Finance,Oregon,Senior Engineer,Filled,52,17
480,Sales,Maine,Data Scientist,Open,137,7
481,Business Development,Iowa,UI Developer,Filled,80,117
482,Product Management,Kentucky,Software Engineer I,Filled,157,47
483,Business Development,Indiana,Customer Success Manager,Filled,119,21
484,Finance,Iowa,Legal Advisor,Filled,163,49
485,Product Management,Massachusetts,Sales Associate,Open,39,72
486,Product Management,Arizona,Software Engineer II,Filled,20,14
487,Support,Washington,Legal Associate,Open,44,25
488,Business Development,Rhode Island,Legal Associate,Filled,24,60
489,Business Development,Maine,HR Specialist,Open,79,81
490,Engineering,Pennsylvania,UX Designer,Open,114,97
491,Legal,Wyoming,Business Analyst I,Open,11,75
492,Product Management,Illinois,Senior Engineer,Open,49,49
493,Product Management,Virginia,Senior Engineer,Open,66,22
494,Marketing,Michigan,Legal Associate,Open,57,64
495,Training,Wisconsin,Finance Specialist,Filled,188,63
496,Support,Iowa,Accountant II,Open,94,71
497,Finance,Iowa,Data Scientist,Filled,176,47
498,Sales,California,DevOps Engineer,Open,80,77
499,Quality,Massachusetts,Legal Associate,Open,123,7
500,Marketing,Wisconsin,Legal Associate,Filled,74,66
501,Human Resources,Rhode Island,Business Analyst II,Open,22,111
502,Support,Wyoming,Product Manager,Open,159,35
503,Product Management,Kansas,Accountant II,Open,23,17
504,Training,Georgia,Senior Product Manager,Open,143,105
505,Legal,Idaho,Technical Lead,Open,77,30
506,Product Management,Alabama,Operations Manager,Open,78,66
507,Human Resources,West Virginia,HR Specialist,Filled,126,57
508,Marketing,Hawaii,Legal Associate,Open,45,33
509,Training,Washington,Marketing Coordinator,Filled,125,63
510,Support,Iowa,Legal Associate,Cancelled,196,31
511,Legal,California,DevOps Engineer,Open,93,91
512,Legal,Arkansas,Marketing Specialist,Filled,139,58
513,Support,Arkansas,Technical Lead,Open,126,61
514,Quality,Kentucky,Product Manager,Open,72,13
515,Training,Arizona,Marketing Coordinator,Open,147,103
516,Quality,Washington,HR Specialist,Open,139,88
517,Legal,Maine,Accountant I,Open,54,119
518,Sales,Pennsylvania,Data Analyst,Filled,73,91
519,Marketing,Arkansas,Training Coordinator,Open,53,15
520,Product Management,Indiana,HR Manager,Cancelled,19,66
521,Human Resources,Maine,Technical Lead,Open,63,30
522,Legal,Idaho,Software Engineer I,Filled,26,39
523,Support,Massachusetts,Sales Associate,Open,176,61
524,Quality,Kentucky,Accountant II,Open,195,28
525,Product Management,Wisconsin,Software Engineer II,Open,48,41
526,Legal,Kentucky,Marketing Specialist,Filled,20,11
527,Legal,Illinois,Data Analyst,Open,155,66
528,Sales,Hawaii,Product Manager,Open,28,55
529,Quality,Oregon,Senior Product Manager,Filled,82,56
530,Legal,Maryland,UX Designer,Open,100,60
531,Training,Idaho,Software Engineer II,Cancelled,178,57
532,Training,Kentucky,Legal Associate,Open,157,68
533,Marketing,Illinois,Technical Lead,Cancelled,146,21
534,Engineering,South Carolina,Engineering Manager,Open,136,89
535,Finance,Kentucky,DevOps Engineer,Open,47,96
536,Sales,South Carolina,Accountant I,Open,76,60
537,Business Development,Pennsylvania,Product Manager,Cancelled,117,61
538,Sales,Oregon,UX Designer,Filled,33,52
539,Engineering,South Carolina,Accountant II,Open,30,66
540,Support,Pennsylvania,Marketing Specialist,Filled,16,17
541,Human Resources,Iowa,UX Designer,Cancelled,61,66
542,Human Resources,Florida,Training Coordinator,Cancelled,130,80
543,Engineering,Pennsylvania,UX Designer,Open,16,8
544,Business Development,Kentucky,Customer Success Manager,Open,79,97
545,Business Development,Illinois,Business Analyst II,Open,144,30
546,Marketing,Maryland,UI Developer,Open,43,51
547,Engineering,Illinois,Data Analyst,Open,132,5
548,Training,West Virginia,DevOps Engineer,Open,32,78
549,Business Development,Rhode Island,Business Analyst II,Open,83,10
550,Business Development,Arkansas,Marketing Specialist,Open,68,89
551,Legal,Idaho,Legal Associate,Filled,156,71
552,Sales,Rhode Island,Business Analyst II,Cancelled,147,40
553,Sales,Indiana,UX Designer,Open,190,77
554,Legal,Alabama,Software Engineer II,Filled,67,8
555,Human Resources,Maine,Legal Associate,Filled,58,99
556,Legal,Georgia,Support Specialist,Filled,45,63
557,Finance,Florida,Product Manager,Cancelled,82,113
558,Engineering,Virginia,Legal Associate,Open,102,75
559,Engineering,Arizona,Support Specialist,Filled,36,102
560,Marketing,Arkansas,Marketing Coordinator,Filled,79,94
561,Quality,Wisconsin,Accountant I,Open,166,94
562,Marketing,Michigan,Senior Product Manager,Open,182,110
563,Business Development,Washington,Engineering Manager,Open,133,95
564,Sales,Georgia,UX Designer,Open,26,90
565,Quality,Georgia,HR Manager,Filled,93,9
566,Marketing,Wyoming,Accountant I,Filled,99,56
567,Sales,Rhode Island,Training Coordinator,Open,16,45
568,Human Resources,Kansas,UX Designer,Cancelled,133,59
569,Business Development,Arizona,Software Engineer II,Open,24,98
570,Product Management,Massachusetts,Software Engineer I,Open,88,65
571,Marketing,Arizona,HR Specialist,Open,109,51
572,Legal,California,Software Engineer II,Filled,54,54
573,Support,California,Customer Success Manager,Open,111,111
574,Product Management,Florida,Customer Success Manager,Filled,89,95
575,Engineering,Indiana,Product Manager,Filled,131,50
576,Engineering,South Carolina,Legal Associate,Filled,22,110
577,Marketing,Virginia,Software Engineer I,Filled,199,68
578,Quality,Oregon,Support Specialist,Open,126,60
579,Engineering,Oregon,Support Specialist,Open,170,33
580,Product Management,Arizona,DevOps Engineer,Open,21,101
581,Engineering,Rhode Island,Technical Lead,Cancelled,97,112
582,Legal,Pennsylvania,Sales Associate,Filled,23,96
583,Marketing,Wyoming,Business Analyst II,Cancelled,112,18
584,Marketing,Washington,Marketing Specialist,Filled,14,18
585,Marketing,Hawaii,Accountant I,Open,120,35
586,Business Development,Michigan,Training Coordinator,Open,60,100
587,Product Management,Wisconsin,Accountant I,Open,36,73
588,Legal,Hawaii,Training Coordinator,Open,13,12
589,Training,Iowa,Marketing Specialist,Open,188,65
590,Product Management,Arkansas,Accountant II,Filled,41,54
591,Product Management,Iowa,Business Analyst II,Open,164,95
592,Training,Idaho,Senior Engineer,Open,17,7
593,Training,Michigan,Support Specialist,Open,92,19
594,Marketing,Idaho,Accountant I,Open,100,27
595,Legal,Kentucky,DevOps Engineer,Open,101,117
596,Finance,Georgia,Engineering Manager,Filled,72,104
597,Legal,Oregon,UI Developer,Open,59,101
598,Engineering,Washington,Training Coordinator,Filled,123,87
599,Product Management,Illinois,Data Scientist,Open,152,16
600,Marketing,Kentucky,Marketing Specialist,Open,61,68
601,Support,Kentucky,Software Engineer II,Filled,24,40
602,Legal,Oregon,Support Specialist,Open,60,105
603,Finance,Washington,UX Designer,Filled,104,118
604,Quality,Maryland,Marketing Coordinator,Open,57,64
605,Marketing,Florida,Data Analyst,Open,25,12
606,Finance,Alabama,Quality Analyst,Open,70,118
607,Training,Wyoming,Accountant II,Open,81,99
608,Training,Illinois,Marketing Specialist,Filled,82,20
609,Product Management,Rhode Island,Technical Lead,Filled,78,98
610,Engineering,Maryland,Support Specialist,Open,99,92
611,Marketing,Idaho,Business Analyst II,Filled,133,11
612,Legal,Iowa,DevOps Engineer,Filled,71,77
613,Training,Massachusetts,Data Analyst,Cancelled,30,79
614,Training,Michigan,Training Coordinator,Open,67,119
615,Finance,Florida,Support Specialist,Filled,146,67
616,Finance,California,Training Coordinator,Cancelled,134,23
617,Marketing,Massachusetts,Business Analyst I,Filled,167,60
618,Sales,Maryland,UX Designer,Open,16,97
619,Marketing,Maine,Marketing Specialist,Open,178,5
620,Engineering,Florida,Quality Analyst,Filled,162,33
621,Training,Kansas,Accountant II,Filled,146,54
622,Quality,Indiana,Quality Analyst,Open,11,11
623,Human Resources,Virginia,Legal Associate,Open,164,15
624,Business Development,Massachusetts,Marketing Specialist,Filled,196,82
625,Legal,Oregon,Operations Manager,Open,61,35
626,Support,Wisconsin,UX Designer,Open,179,7
627,Product Management,Indiana,Legal Advisor,Filled,185,80
628,Legal,Indiana,DevOps Engineer,Filled,171,24
629,Support,Iowa,Marketing Coordinator,Filled,194,80
630,Sales,Maine,Legal Associate,Open,56,38
631,Marketing,Washington,Sales Associate,Open,167,92
632,Finance,Maryland,Product Manager,Open,106,19
633,Engineering,Rhode Island,Business Analyst II,Filled,18,66
634,Business Development,Idaho,Support Specialist,Open,188,56
635,Human Resources,Pennsylvania,Support Specialist,Open,134,22
636,Legal,Georgia,Technical Lead,Open,191,41
637,Business Development,South Carolina,Business Analyst I,Filled,63,10
638,Support,California,Software Engineer II,Cancelled,155,99
639,Finance,Illinois,Product Manager,Filled,37,22
640,Support,California,UI Developer,Open,87,18
641,Training,Florida,HR Manager,Open,125,14
642,Training,Indiana,Quality Analyst,Filled,115,103
643,Engineering,California,Training Coordinator,Filled,171,99
644,Finance,Idaho,Senior Product Manager,Filled,47,97
645,Business Development,Arkansas,Marketing Coordinator,Open,148,100
646,Product Management,California,Senior Product Manager,Open,132,55
647,Sales,Florida,Training Coordinator,Filled,176,113
648,Finance,Rhode Island,Software Engineer I,Filled,53,24
649,Engineering,Arizona,Business Analyst I,Open,164,7
650,Product Management,Wyoming,Support Specialist,Open,172,88
651,Finance,Wisconsin,Accountant II,Open,109,86
652,Human Resources,Oregon,Legal Associate,Open,83,25
653,Product Management,Georgia,Data Scientist,Filled,143,35
654,Human Resources,Idaho,Legal Associate,Open,33,53
655,Quality,Virginia,Product Manager,Open,177,48
656,Finance,Florida,Engineering Manager,Filled,130,20
657,Sales,Louisiana,HR Specialist,Open,28,27
658,Legal,Illinois,Legal Advisor,Open,158,5
659,Training,Arkansas,Finance Specialist,Open,154,76
660,Business Development,Georgia,UI Developer,Open,142,65
661,Support,Maine,Senior Product Manager,Open,10,29
662,Sales,Florida,Data Analyst,Open,134,107
663,Quality,Michigan,Senior Product Manager,Open,163,13
664,Quality,South Carolina,Senior Engineer,Open,17,84
665,Marketing,California,Business Analyst I,Filled,175,5
666,Human Resources,Kansas,UX Designer,Open,69,59
667,Legal,Oregon,Operations Manager,Open,173,29
668,Product Management,California,Quality Analyst,Open,72,113
669,Product Management,Virginia,Legal Advisor,Open,39,83
670,Engineering,Massachusetts,Software Engineer II,Filled,151,94
671,Finance,Kansas,Training Coordinator,Open,26,37
672,Legal,Pennsylvania,Marketing Coordinator,Filled,180,6
673,Human Resources,Wyoming,Marketing Coordinator,Open,82,43
674,Engineering,Arkansas,Training Coordinator,Cancelled,91,28
675,Human Resources,Indiana,Technical Lead,Open,113,76
676,Support,Rhode Island,Support Specialist,Filled,158,26
677,Support,Idaho,Business Analyst I,Cancelled,79,17
678,Human Resources,Arkansas,Quality Analyst,Open,27,11
679,Sales,Illinois,Legal Associate,Filled,83,114
680,Support,Alabama,Operations Manager,Filled,62,114
681,Business Development,Oregon,Training Coordinator,Open,39,69
682,Legal,Arizona,Senior Engineer,Filled,37,11
683,Finance,Alabama,UI Developer,Filled,11,113
684,Marketing,Pennsylvania,Legal Advisor,Filled,16,9
685,Training,Arkansas,Legal Associate,Open,107,37
686,Marketing,Alabama,Sales Associate,Open,91,79
687,Human Resources,Kansas,Finance Specialist,Open,187,85
688,Sales,Florida,Support Specialist,Open,91,7
689,Business Development,Arkansas,Legal Associate,Cancelled,103,89
690,Quality,Iowa,Finance Specialist,Cancelled,104,53
691,Marketing,Washington,HR Manager,Open,175,106
692,Product Management,Georgia,UX Designer,Open,57,57
693,Sales,Maine,Business Analyst II,Open,87,26
694,Sales,Kentucky,Marketing Specialist,Open,143,16
695,Human Resources,South Carolina,HR Manager,Open,172,83
696,Business Development,Louisiana,Senior Product Manager,Open,197,57
697,Support,Hawaii,DevOps Engineer,Open,119,9
698,Legal,Kentucky,Customer Success Manager,Cancelled,123,94
699,Quality,West Virginia,Legal Advisor,Open,106,90
700,Training,Oregon,UI Developer,Filled,92,9
701,Legal,Georgia,Customer Success Manager,Open,16,94
702,Quality,Oregon,Legal Advisor,Open,64,78
703,Human Resources,Kentucky,HR Specialist,Cancelled,128,86
704,Human Resources,Iowa,Marketing Specialist,Open,164,105
705,Finance,Maine,Business Analyst II,Filled,65,102
706,Support,Hawaii,Business Analyst I,Filled,145,89
707,Quality,Alabama,Finance Specialist,Cancelled,90,21
708,Engineering,Oregon,Engineering Manager,Open,54,33
709,Support,Arkansas,Quality Analyst,Cancelled,83,58
710,Quality,Rhode Island,Legal Associate,Filled,176,44
711,Business Development,Indiana,Marketing Specialist,Cancelled,127,25
712,Support,Maine,Senior Engineer,Open,154,111
713,Human Resources,Georgia,Product Manager,Open,53,68
714,Engineering,West Virginia,Marketing Coordinator,Filled,154,78
715,Legal,Florida,HR Specialist,Filled,28,70
716,Product Management,Oregon,Software Engineer II,Filled,87,54
717,Product Management,Iowa,Marketing Coordinator,Filled,170,14
718,Support,Florida,Senior Engineer,Open,88,16
719,Engineering,Arizona,Business Analyst I,Filled,152,74
720,Human Resources,Michigan,DevOps Engineer,Cancelled,146,22
721,Engineering,Florida,Senior Engineer,Open,13,116
722,Support,Wyoming,Legal Advisor,Open,155,41
723,Legal,Maryland,Marketing Coordinator,Open,104,47
724,Product Management,Massachusetts,Legal Associate,Filled,132,8
725,Quality,Indiana,Support Specialist,Filled,120,109
726,Support,Indiana,Operations Manager,Filled,95,10
727,Legal,Hawaii,Customer Success Manager,Filled,68,53
728,Finance,Maryland,Technical Lead,Open,175,114
729,Legal,Alabama,DevOps Engineer,Filled,32,63
730,Sales,Alabama,Marketing Coordinator,Filled,198,33
731,Product Management,Maine,Accountant II,Cancelled,89,52
732,Product Management,Virginia,Sales Associate,Filled,112,77
733,Training,Maryland,Legal Advisor,Filled,87,69
734,Support,Louisiana,Business Analyst II,Open,86,50
735,Engineering,Wyoming,Data Analyst,Filled,176,18
736,Training,Massachusetts,Software Engineer I,Filled,86,89
737,Product Management,Arizona,Business Analyst II,Open,187,26
738,Finance,Kansas,Marketing Specialist,Filled,47,31
739,Marketing,California,Customer Success Manager,Open,66,98
740,Product Management,Hawaii,Accountant II,Open,32,83
741,Human Resources,Florida,Legal Advisor,Open,140,58
742,Finance,California,Senior Engineer,Filled,168,31
743,Engineering,Hawaii,Legal Associate,Open,87,10
744,Product Management,California,Legal Associate,Filled,97,79
745,Business Development,Rhode Island,UI Developer,Open,33,18
746,Business Development,Virginia,Operations Manager,Filled,156,53
747,Legal,Idaho,Legal Advisor,Open,141,23
748,Legal,Washington,Marketing Coordinator,Open,117,23
749,Sales,Virginia,Quality Analyst,Open,53,32
750,Product Management,South Carolina,HR Specialist,Filled,80,119
751,Product Management,Washington,Product Manager,Filled,177,56
752,Engineering,Massachusetts,DevOps Engineer,Open,112,15
753,Sales,Kansas,Senior Engineer,Filled,50,14
754,Finance,Virginia,UX Designer,Open,189,100
755,Product Management,Louisiana,Customer Success Manager,Filled,128,114
756,Marketing,Kentucky,UI Developer,Filled,32,85
757,Sales,Georgia,Senior Engineer,Open,171,7
758,Finance,South Carolina,Product Manager,Filled,199,53
759,Finance,Idaho,Software Engineer II,Open,105,34
760,Sales,Kansas,Software Engineer I,Open,145,66
761,Business Development,Arkansas,Training Coordinator,Open,78,34
762,Business Development,Michigan,Operations Manager,Open,82,111
763,Marketing,Idaho,HR Manager,Filled,52,92
764,Support,Georgia,Accountant I,Open,28,11
765,Product Management,Wisconsin,Data Analyst,Cancelled,29,61
766,Product Management,Florida,Finance Specialist,Cancelled,51,67
767,Product Management,Idaho,Product Manager,Open,117,94
768,Engineering,South Carolina,Quality Analyst,Filled,25,36
769,Product Management,Illinois,Training Coordinator,Open,73,61
770,Business Development,Washington,Technical Lead,Open,27,15
771,Marketing,Maine,Marketing Coordinator,Filled,47,50
772,Quality,Arizona,Data Scientist,Filled,50,109
773,Finance,Virginia,UX Designer,Filled,74,66
774,Marketing,Maryland,Sales Associate,Open,174,11
775,Finance,Oregon,Legal Associate,Open,21,32
776,Quality,Arkansas,Accountant II,Open,93,94
777,Training,Hawaii,Legal Associate,Cancelled,145,77
778,Finance,Louisiana,DevOps Engineer,Open,185,20
779,Product Management,Rhode Island,Engineering Manager,Cancelled,65,105
780,Support,Oregon,DevOps Engineer,Open,88,37
781,Human Resources,Idaho,Data Analyst,Filled,20,106
782,Training,Hawaii,Customer Success Manager,Cancelled,196,72
783,Legal,Oregon,Business Analyst II,Open,99,65
784,Support,Michigan,Marketing Specialist,Filled,184,11
785,Sales,Washington,Training Coordinator,Cancelled,43,54
786,Quality,Rhode Island,Operations Manager,Cancelled,113,67
787,Engineering,Illinois,Technical Lead,Filled,13,52
788,Human Resources,Arkansas,Senior Engineer,Open,125,27
789,Product Management,Oregon,Legal Advisor,Cancelled,174,60
790,Finance,Michigan,Business Analyst I,Filled,90,46
791,Human Resources,South Carolina,Operations Manager,Filled,53,71
792,Sales,Maine,Senior Product Manager,Filled,30,17
793,Human Resources,Alabama,Operations Manager,Filled,123,87
794,Human Resources,Massachusetts,Software Engineer II,Open,65,46
795,Sales,Oregon,Accountant II,Filled,129,83
796,Human Resources,Massachusetts,Business Analyst II,Filled,180,52
797,Marketing,Maine,Legal Advisor,Cancelled,46,46
798,Business Development,Iowa,HR Specialist,Cancelled,165,23
799,Marketing,Massachusetts,Legal Associate,Open,169,14
800,Business Development,Virginia,Data Scientist,Open,61,118
801,Business Development,Illinois,Finance Specialist,Open,120,35
802,Support,Kansas,Business Analyst I,Open,142,40
803,Business Development,Arizona,Software Engineer I,Filled,197,61
804,Finance,Virginia,Marketing Specialist,Cancelled,58,99
805,Sales,Arizona,Marketing Specialist,Open,101,77
806,Human Resources,Wisconsin,Legal Advisor,Open,14,78
807,Product Management,Maine,Business Analyst II,Open,33,110
808,Product Management,Arizona,Marketing Specialist,Filled,121,47
809,Training,Kansas,UX Designer,Open,121,93
810,Support,Oregon,Marketing Specialist,Open,70,113
811,Quality,Virginia,Senior Product Manager,Open,117,62
812,Human Resources,Idaho,HR Specialist,Filled,165,35
813,Marketing,Arkansas,Accountant II,Open,25,116
814,Engineering,Alabama,UX Designer,Filled,83,88
815,Finance,Massachusetts,DevOps Engineer,Open,14,50
816,Product Management,West Virginia,Finance Specialist,Cancelled,15,22
817,Business Development,Hawaii,Finance Specialist,Cancelled,59,84
818,Engineering,Oregon,Sales Associate,Cancelled,199,37
819,Marketing,Kansas,Senior Engineer,Filled,43,116
820,Sales,Georgia,UI Developer,Filled,186,97
821,Engineering,Michigan,Accountant I,Open,110,116
822,Legal,Indiana,UI Developer,Cancelled,196,63
823,Support,Louisiana,Quality Analyst,Open,60,6
824,Engineering,Wisconsin,Finance Specialist,Filled,183,30
825,Business Development,Indiana,Software Engineer II,Open,74,56
826,Product Management,Pennsylvania,Marketing Specialist,Open,64,40
827,Marketing,Wyoming,Customer Success Manager,Open,92,17
828,Human Resources,California,Technical Lead,Filled,38,24
829,Quality,Indiana,Finance Specialist,Open,44,108
830,Engineering,Indiana,Marketing Specialist,Open,153,62
831,Business Development,Pennsylvania,Legal Associate,Open,195,27
832,Marketing,Michigan,Sales Associate,Filled,81,30
833,Business Development,Washington,Customer Success Manager,Open,62,111
834,Support,Alabama,Product Manager,Open,112,41
835,Human Resources,Maryland,Marketing Coordinator,Open,29,12
836,Finance,Pennsylvania,Engineering Manager,Filled,44,39
837,Training,Arkansas,Senior Engineer,Filled,134,105
838,Business Development,Wyoming,Business Analyst II,Open,41,21
839,Human Resources,Massachusetts,Sales Associate,Open,81,30
840,Quality,California,Engineering Manager,Open,193,72
841,Legal,Indiana,Software Engineer I,Open,77,11
842,Engineering,Arizona,Marketing Specialist,Cancelled,112,52
843,Legal,Florida,Data Scientist,Filled,89,54
844,Marketing,Louisiana,HR Specialist,Open,105,7
845,Finance,Illinois,Accountant II,Open,189,97
846,Engineering,Kansas,UX Designer,Filled,97,61
847,Finance,Wisconsin,HR Manager,Open,74,97
848,Marketing,Hawaii,UX Designer,Filled,27,115
849,Training,Maine,Legal Associate,Open,50,110
850,Legal,Louisiana,HR Manager,Open,149,32
851,Quality,Arkansas,UI Developer,Filled,71,114
852,Business Development,Maryland,Operations Manager,Open,163,65
853,Quality,Idaho,Data Analyst,Open,74,65
854,Human Resources,Illinois,Support Specialist,Filled,63,74
855,Product Management,Wyoming,Engineering Manager,Open,78,40
856,Human Resources,Illinois,Business Analyst II,Open,185,84
857,Human Resources,Florida,Marketing Specialist,Open,67,47
858,Marketing,South Carolina,Operations Manager,Open,84,32
859,Engineering,California,Data Scientist,Open,113,106
860,Marketing,Wisconsin,DevOps Engineer,Filled,192,22
861,Training,Louisiana,UX Designer,Open,33,101
862,Finance,Wisconsin,Quality Analyst,Filled,85,40
863,Support,Wyoming,UX Designer,Open,11,10
864,Sales,Oregon,Finance Specialist,Filled,86,101
865,Business Development,Oregon,Sales Associate,Open,154,78
866,Support,Michigan,Accountant I,Open,10,10
867,Engineering,Maine,Training Coordinator,Filled,96,109
868,Finance,Oregon,Product Manager,Filled,123,24
869,Legal,Maine,UI Developer,Filled,39,82
870,Training,Washington,Engineering Manager,Filled,67,82
871,Product Management,South Carolina,Marketing Coordinator,Cancelled,198,82
872,Sales,Washington,HR Specialist,Open,27,32
873,Business Development,Florida,Customer Success Manager,Cancelled,139,91
874,Marketing,Oregon,Marketing Coordinator,Open,167,109
875,Support,Rhode Island,Legal Advisor,Open,133,51
876,Product Management,Louisiana,Marketing Specialist,Filled,89,91
877,Legal,California,UX Designer,Open,132,70
878,Legal,Maine,HR Specialist,Open,63,14
879,Legal,Louisiana,Finance Specialist,Open,162,33
880,Sales,Massachusetts,Technical Lead,Cancelled,120,59
881,Finance,Iowa,Legal Associate,Filled,158,68
882,Finance,Illinois,Quality Analyst,Open,165,66
883,Quality,Hawaii,HR Specialist,Filled,157,42
884,Business Development,Maine,Senior Engineer,Open,51,20
885,Marketing,Kentucky,Marketing Coordinator,Open,23,118
886,Product Management,Kansas,Operations Manager,Open,104,96
887,Business Development,Michigan,Data Analyst,Open,135,108
888,Marketing,Iowa,Legal Advisor,Filled,44,33
889,Engineering,Arkansas,Quality Analyst,Open,159,52
890,Human Resources,Maryland,Quality Analyst,Filled,171,40
891,Finance,Idaho,Data Scientist,Filled,19,67
892,Support,Iowa,Senior Engineer,Filled,168,74
893,Finance,Wisconsin,Legal Associate,Open,111,14
894,Sales,Georgia,Senior Engineer,Open,124,63
895,Engineering,Illinois,Business Analyst I,Filled,117,94
896,Marketing,Maryland,Finance Specialist,Filled,118,66
897,Training,Kansas,Business Analyst II,Filled,59,11
898,Marketing,Oregon,Legal Associate,Open,189,83
899,Human Resources,Indiana,UX Designer,Open,82,8
900,Human Resources,Florida,HR Specialist,Filled,56,90
901,Business Development,Florida,Finance Specialist,Open,152,72
902,Support,Michigan,Data Analyst,Open,144,63
903,Sales,Idaho,Technical Lead,Filled,195,52
904,Sales,Kansas,Quality Analyst,Filled,199,118
905,Quality,Kansas,UI Developer,Cancelled,133,48
906,Marketing,Maine,Customer Success Manager,Open,170,18
907,Training,Florida,Marketing Specialist,Filled,15,15
908,Business Development,Pennsylvania,Customer Success Manager,Open,13,17
909,Human Resources,Iowa,Data Analyst,Filled,125,21
910,Finance,Pennsylvania,Product Manager,Filled,90,104
911,Finance,Georgia,Finance Specialist,Filled,91,46
912,Human Resources,Illinois,Operations Manager,Filled,141,34
913,Finance,Florida,UI Developer,Cancelled,77,34
914,Legal,Iowa,Accountant II,Open,52,22
915,Quality,Kentucky,HR Manager,Open,78,54
916,Engineering,Massachusetts,UX Designer,Open,172,119
917,Support,Illinois,Accountant II,Open,77,12
918,Finance,Wyoming,Software Engineer II,Open,189,8
919,Product Management,Illinois,Sales Associate,Filled,107,94
920,Legal,Kentucky,Business Analyst II,Cancelled,54,40
921,Engineering,South Carolina,Accountant II,Open,10,10
922,Finance,Florida,Marketing Specialist,Open,138,75
923,Sales,Idaho,Training Coordinator,Open,63,85
924,Support,Arizona,Technical Lead,Filled,10,37
925,Human Resources,Massachusetts,Legal Advisor,Cancelled,79,52
926,Legal,Arkansas,Legal Associate,Cancelled,94,11
927,Support,Wisconsin,Data Scientist,Open,78,95
928,Quality,Rhode Island,Sales Associate,Filled,90,30
929,Sales,Florida,Support Specialist,Open,127,52
930,Sales,Michigan,Legal Associate,Open,170,36
931,Business Development,Idaho,Business Analyst I,Open,112,39
932,Marketing,Oregon,Marketing Coordinator,Cancelled,193,6
933,Marketing,South Carolina,Customer Success Manager,Open,40,63
934,Product Management,Massachusetts,Customer Success Manager,Open,60,40
935,Business Development,Wyoming,Technical Lead,Filled,14,23
936,Human Resources,Kansas,Finance Specialist,Open,37,53
937,Training,Arizona,Marketing Specialist,Filled,119,56
938,Finance,Indiana,Product Manager,Filled,186,8
939,Quality,Wyoming,Marketing Coordinator,Open,150,68
940,Sales,Georgia,Marketing Specialist,Filled,20,101
941,Product Management,Maine,DevOps Engineer,Filled,191,94
942,Product Management,Maine,Legal Associate,Cancelled,127,103
943,Training,Virginia,DevOps Engineer,Open,185,39
944,Sales,Kansas,Senior Product Manager,Open,124,26
945,Support,Massachusetts,UX Designer,Filled,189,53
946,Finance,Arkansas,UX Designer,Open,34,12
947,Marketing,Michigan,Legal Associate,Filled,72,48
948,Business Development,Rhode Island,Marketing Specialist,Open,37,7
949,Human Resources,Louisiana,Accountant II,Open,37,84
950,Business Development,Washington,Software Engineer I,Filled,89,35
951,Human Resources,Pennsylvania,Engineering Manager,Filled,45,44
952,Human Resources,Oregon,UX Designer,Open,181,57
953,Engineering,Virginia,Finance Specialist,Open,28,8
954,Training,Louisiana,Business Analyst I,Filled,63,96
955,Legal,California,Technical Lead,Open,48,70
956,Sales,Alabama,Customer Success Manager,Open,23,51
957,Finance,Georgia,Engineering Manager,Cancelled,103,100
958,Sales,California,Senior Product Manager,Filled,17,61
959,Support,California,HR Manager,Open,166,71
960,Product Management,Pennsylvania,Marketing Coordinator,Filled,102,12
961,Engineering,Indiana,Data Analyst,Filled,47,88
962,Marketing,Florida,Marketing Coordinator,Open,170,70
963,Support,Maine,Legal Associate,Filled,134,17
964,Quality,Arizona,Marketing Specialist,Open,143,62
965,Training,Arizona,Customer Success Manager,Filled,179,77
966,Training,Michigan,HR Specialist,Filled,75,42
967,Product Management,Florida,Data Scientist,Open,57,111
968,Marketing,Idaho,UI Developer,Filled,181,92
969,Human Resources,Illinois,Engineering Manager,Open,73,94
970,Quality,South Carolina,Legal Associate,Filled,185,61
971,Finance,Idaho,Marketing Specialist,Filled,21,25
972,Marketing,Kansas,HR Manager,Filled,165,19
973,Training,Maryland,Software Engineer II,Filled,49,102
974,Product Management,Maryland,Software Engineer II,Filled,163,24
975,Support,Georgia,Product Manager,Open,89,63
976,Human Resources,Kentucky,Training Coordinator,Filled,10,39
977,Marketing,Rhode Island,Marketing Coordinator,Open,125,46
978,Product Management,Massachusetts,Operations Manager,Filled,117,61
979,Product Management,West Virginia,Senior Engineer,Cancelled,62,86
980,Human Resources,Idaho,Engineering Manager,Filled,129,66
981,Finance,Indiana,Quality Analyst,Filled,147,52
982,Training,Louisiana,HR Manager,Open,23,35
983,Support,Florida,Sales Associate,Cancelled,50,33
984,Human Resources,Florida,Legal Advisor,Open,21,45
985,Human Resources,Idaho,HR Manager,Open,35,56
986,Finance,Illinois,Senior Engineer,Open,153,100
987,Business Development,West Virginia,Senior Product Manager,Filled,81,33
988,Sales,Kansas,Accountant I,Open,55,33
989,Sales,Massachusetts,UI Developer,Open,112,82
990,Human Resources,Florida,Marketing Specialist,Open,116,63
991,Human Resources,Kansas,UI Developer,Filled,86,93
992,Finance,West Virginia,DevOps Engineer,Cancelled,15,80
993,Training,Rhode Island,Finance Specialist,Filled,197,86
994,Finance,Kentucky,Accountant I,Open,92,114
995,Finance,Arizona,Software Engineer II,Open,188,10
996,Training,California,Marketing Specialist,Filled,148,78
997,Sales,Wyoming,DevOps Engineer,Open,139,46
998,Marketing,Arkansas,Training Coordinator,Cancelled,118,96
999,Sales,Wisconsin,HR Manager,Open,22,61
1000,Sales,Idaho,Data Analyst,Filled,166,113
